{"cameraMode":{"drawMode":0,"name":"Shaded","section":"Shading Mode"},"sceneLighting":true,"audioPlay":false,"sceneViewState":{"m_AlwaysRefresh":false,"showFog":true,"showSkybox":false,"showFlares":true,"showImageEffects":true,"showParticleSystems":true,"showVisualEffectGraphs":true,"m_FxEnabled":true},"in2DMode":false,"pivot":{"x":840.0780029296875,"y":217.23416137695313,"z":101.87165069580078},"rotation":{"x":-0.27353790402412417,"y":0.35324230790138247,"z":-0.10881032794713974,"w":-0.8880188465118408},"size":20.01155662536621,"orthographic":false}